Imos	Name	Latitude	Longitude	Elevation	Notes
AAE	Addis Ababa, Ethiopia	9.035	38.77	2441.0	closed
ABG	Alibag, India	18.638	72.872	7.0	
ABK	Abisko, Sweden	68.358	18.823	380.0	
AIA	Vernadsky, Agentine Islands	-65.245	295.742	10.0	
ALE	Alert, Canada	82.497	297.647	60.0	closed
AMS	Martin de Vivies, French Southern Territories	-37.8	77.57	50.0	no longer IMO
API	Apia, Western Samoa	-13.816	188.219	2.0	
AQU	L'Aquila, Italy	42.38	13.32	682.0	closed
ARS	Arti, Russia	56.433	58.567	290.0	
ASC	Ascension Island	-7.95	345.62	177.0	
ASP	Alice Springs, Australia	-23.762	133.883	557.0	
BDV	Budkov, Czech Republic	49.08	14.02	496.0	
BEL	Belsk, Poland	51.836	20.789	180.0	
BFE	Brorfelde, Denmark	55.625	11.672	80.0	
BFO	Black Forest Observatory, Germany	48.331	8.325	641.0	
BLC	Baker Lake, Canada	64.318	263.988	30.0	
BMT	Beijing Ming Tombs, China	40.3	116.2	183.0	
BNG	Bangui, Central African Republic	4.33	18.57	395.0	closed
BOU	Boulder, USA	40.14	254.767	1682.0	
BOX	Borok, Russia	58.07	38.23	115.0	
BRD	Brandon, Canada	49.87	260.026	380.0	
BRW	Barrow, USA	71.32	203.38	12.0	
BSL	Stennis Space Center, USA	30.35	270.36	8.0	
CBB	Cambridge Bay, Canada	69.123	254.969	20.0	
CKI	Cokos (Keeling) Islands, Australia	-12.188	96.834	3.0	
CLF	Chambon la Foret, France	48.025	2.26	145.0	
CMO	College, USA	64.87	212.14	197.0	
CNB	Canberra, Australia	-35.32	149.36	859.0	
CNH	Changchun, China	44.08	124.86	187.0	no longer IMO
CPL	Choutuppal, India	17.294	78.919	360.0	
CSY	Casey, Australia	-66.283	110.533	41.0	
CTA	Charters Towers, Australia	-20.09	146.264	370.0	
CYG	Cheongyang, Republic of Korea	36.37	126.854	165.0	
CZT	Port Alfred, French Southern Territories	-46.43	51.86	160.0	no longer IMO
DED	Deadhorse, USA	70.36	211.21	10.0	
DLR	Del Rio, USA	29.49	259.083	355.0	closed
DLT	Dalat, Vietnam	11.95	108.48	1583.0	
DMC	Dome Concordia, Antarctica	-75.25	124.167	3250.0	no longer IMO
DOU	Dourbes, Belgium	50.1	4.6	225.0	
DRV	Dumont d'Urville, French Southern Territories	-66.67	140.01	30.0	no longer IMO
DUR	Duronia, Italy	41.65	14.47	920.0	
EBR	Ebro, Spain	40.957	0.333	532.0	
ESK	Eskdalemuir, United Kingdom	55.314	356.794	245.0	
EYR	Eyrewell, New Zealand	-43.474	172.393	102.0	
FCC	Fort Churchill, Canada	58.759	265.912	15.0	
FRD	Fredericksburg, USA	38.21	282.633	69.0	
FRN	Fresno, USA	37.09	240.28	331.0	
FUR	Furstenfeldenbruck, Germany	48.17	11.28	572.0	
GAN	Gan Int. Airpt, Addu Atoll, Maldives	-0.695	73.154	2.0	
GCK	Grocka, Serbia	44.633	20.767	231.0	
GDH	Qeqertarsuaq (Godhavn), Greenland	69.252	306.467	24.0	
GLN	Glenlea, Canada	49.645	262.88	40.0	closed
GNA	Gnangara, Australia	-31.78	115.947	60.0	
GNG	Gingin, Australia	-31.356	115.715	50.0	
GUA	Guam, USA	13.59	144.87	140.0	
GUI	Guimar-Tenerife, Spain	28.321	343.559	868.0	
GZH	Guangzhou, China	23.97	112.45	14.0	no longer IMO
HAD	Hartland, United Kingdom	51.0	355.52	95.0	
HBK	Hartebeesthoek, South Africa	-25.88	27.71	1555.0	
HER	Hermanus, South Africa	-34.43	19.23	26.0	
HLP	Hel Observatory, Poland	54.603	18.811	1.0	
HON	Honolulu, USA	21.32	202.0	4.0	
HRB	Hurbanovo, Slovakia	47.873	18.19	120.0	
HRN	Hornsund, Svalbard	77.0	15.55	15.0	
HUA	Huancayo, Peru	-12.05	284.67	3313.0	
HYB	Hyderabad, India	17.42	78.55	500.0	
IPM	Isal de Pascua, Chile	-27.171	250.58	83.0	
IQA	Iqaluit, Canada	63.753	291.482	67.0	
IRT	Irkutsk (Patrony), Russia	52.17	104.45	478.0	
ISK	Istanbul-Kandili, Turkey	41.063	29.062	130.0	
IZN	Iznik, Turkey	40.5	29.72	256.0	
JAI	Jaipur, India	26.92	75.8	394.0	
JCO	Jim Carrigan Observatory, Alaska	70.356	211.201	20.0	
KAK	Kakioka, Japan	36.232	140.186	36.0	
KDU	Kakadu, Australia	-12.69	132.47	15.0	
KEP	King Edward Point, South Georgia	-54.282	323.507	7.0	
KHB	Khabarovsk, Russia	47.61	134.69	92.0	
KIR	Kiruna, Sweden	67.843	20.42	395.0	
KIV	Kiev Dymer, Ukraine	50.72	30.3	140.0	
KMH	Keetsmanshoop, Namibia	-26.54	18.11	1065.0	
KNY	Kanoya, Japan	31.42	130.88	107.0	
KOU	Kourou, Guyana, France	5.21	307.27	10.0	
LER	Lerwick, United Kingdom	60.138	358.817	85.0	
LNP	Lunping, Taiwan	25.0	121.167	100.0	closed
LON	Lonjsko Polje, Croatia	45.408	16.659	95.0	
LOV	Lovo, Sweden	59.34	17.82	30.0	closed
LRM	Learmonth, Australia	-22.22	114.1	4.0	
LVV	Lviv, Ukraine	49.9	23.75	326.0	
LYC	Lycksele, Sweden	64.612	18.748	270.0	
LZH	Lanzhou, China	36.087	103.845	1560.0	closed
MAB	Manhay, Belgium	50.298	5.682	440.0	
MAW	Mawson, Antarctica	-67.6	62.88	12.0	
MBC	Mould Bay, Canada	76.315	240.638	40.0	closed
MBO	Mbour, Senegal	14.39	343.04	7.0	closed
MCQ	Macquarie Island, Australia	-54.5	158.95	4.0	
MEA	Meanook, Canada	54.616	246.653	700.0	
MGD	Magadan, Russia	60.051	150.728	226.0	
MID	Midway Island, USA	28.21	182.62	3.0	closed
MLT	Misallat, Egypt	29.515	30.892	120.0	closed
MMB	Memambetsu, Japan	43.91	144.19	42.0	
MZL	Manzhouli, China	49.6	117.4	682.0	no longer IMO
NAQ	Narsarsuaq, Greenland	61.167	314.567	4.0	
NCK	Nagycenk, Hungary	47.63	16.72	153.0	
NEW	Newport, USA	48.27	242.88	770.0	
NGK	Niemegk, Germany	52.07	12.68	78.0	
NUR	Nurmijarvi, Finland	60.51	24.66	105.0	
NVS	Novosibirsk, Russia	54.85	83.23	130.0	
ORC	Base Orcadas, Laurie Island	-60.737	315.263	3.0	
OTT	Ottawa, Canada	45.403	284.448	75.0	
PAF	Port-aux-Francais, Kerguelen Island	-49.35	70.26	35.0	
PAG	Panagjurishte, Bulgaria	42.515	24.177	556.0	
PBQ	Poste-de-la-Baleine, Canada	55.277	282.255	40.0	closed
PEG	Pedeli, Greece	38.1	23.9	380.0	
PET	Paratunka, Russia	52.971	158.248	50.0	
PHU	Phuthuy, Vietnam	21.03	105.96	5.0	
PIL	Pilar, Argentina	-31.667	296.119	336.0	
PPT	Pamatai, Tahiti, France	-17.567	210.426	357.0	
PST	Port Stanley, Falklands Islands	-51.7	302.11	135.0	
QSB	Qsaybeh, Lebanon	33.871	35.644	525.0	no longer IMO
RES	Resolute Bay, Canada	74.69	265.105	30.0	
REU	La Reunion Island, France	-21.206	55.576	1580.0	
SBA	Scott Base, Antarctica	-77.829	166.671	130.0	
SBL	Sable Island, Canada	43.932	299.99	5.0	
SFS	San Fernando, Spain	36.667	354.055	111.0	
SHE	Saint Helena, Saint Helena	-15.961	354.253	586.0	
SHU	Shumagin, USA	55.35	199.54	80.0	
SIT	Sitka, USA	57.06	224.67	24.0	
SJG	San Juan, USA	18.11	293.85	424.0	
SOD	Sodankyla, Finland	67.37	26.63	178.0	
SPG	Saint Petersburg, Russia	60.542	29.716	46.0	
SPT	San Pablo-Toledo, Spain	39.55	355.65	922.0	
STJ	St John's, Canada	47.595	307.323	100.0	
STT	Sao Teotonio, Portugal	37.547	351.272	115.0	
SUA	Surlari, Romania	44.68	26.25	84.0	
TAM	Tamanrasset, Algeria	22.79	5.53	1373.0	
TAN	Antananarivo, Madagascar	-18.917	47.552	1375.0	closed
TDC	Tristan da Cunha, Tristan da Cunha	-37.067	347.684	41.0	
THL	Qaanaaq (Thule), Greenland	77.47	290.773	57.0	
THY	Tihany, Hungary	46.9	17.89	187.0	
TIK	Tiksi, Russia	71.58	129.0	40.0	closed
TSU	Tsumeb, South Africa	-19.202	17.584	1273.0	
TTB	Tatuoca, Brazil	-1.205	311.487	10.0	
TUC	Tucson, USA	32.17	249.27	946.0	
UPS	Uppsala, Sweden	59.903	17.353	50.0	
VAL	Valentia, Eire	51.933	349.75	14.0	
VIC	Victoria, Canada	48.52	236.58	197.0	
VNA	Neumayer Station, Antarctica	-70.683	351.718	46.0	
VOS	Vostok, Antarctica	-78.464	106.835	3488.0	
VSS	Vassouras, Brazil	-22.4	316.35	457.0	
WIC	Conrad, Austria	47.931	15.866	1088.0	
WMQ	Urumqi, China	43.81	87.71	908.0	no longer IMO
WNG	Wingst, Germany	53.725	9.053	66.0	
YAK	Yakutsk, Russia	61.96	129.66	100.0	
YKC	Yellowknife, Canada	62.48	245.518	198.0	
